{
  "真实异常点数量": 73.0,
  "AUC-ROC": 0.9488933579191897,
  "F1-Score": 0.30057803468208094,
  "Precision": 0.26,
  "Recall": 0.3561643835616438
}