{
  "真实异常点数量": 73.0,
  "AUC-ROC": 0.9488933579191897,
  "F1-Score": 0.22910216718266255,
  "Precision": 0.148,
  "Recall": 0.5068493150684932
}