{
  "真实异常点数量": 73.0,
  "AUC-ROC": 0.9105179131638589,
  "F1-Score": 0.19672131147540983,
  "Precision": 0.11036789297658862,
  "Recall": 0.9041095890410958
}